HDI rank,Country,Human Development Group,Human Development Index (HDI) ,Life expectancy at birth,Expected years of schooling ,Mean years of schooling,Gross national income (GNI) per capita (2011 PPP $),GNI per capita rank minus HDI rank,HDI Growth - 1990-2000,HDI Growth 2000-2010,HDI Growth 2010-2017,HDI Growth1990-2017,Gender Development Index,HDI - F,HDI - M,Life expect - F,Life expect - M,Expected years of schooling - F,Expected years of schooling - M,Adolescent birth rate ,Share of seats in parliament - % by women
1,Norway,Very High,0.95252202,82.328,17.85206,12.56682,68012.49292,5,0.757228229,0.268551911,0.165216111,0.422416878,0.991414552,0.94528004,0.953465973,84.214,80.453,18.5531,17.1909,5.592,41.42011834
2,Switzerland,Very High,0.94399757,83.473,16.20882,13.408,57625.06971,8,0.66551707,0.473307377,0.183108619,0.469082656,0.986702728,0.936626046,0.949248462,85.344,81.508,16.1286,16.2877,2.989,29.26829268
3,Australia,Very High,0.938631285,83.068,22.92125,12.85504,43560.05774,18,0.362994916,0.272678288,0.23973125,0.297573697,0.974695452,0.925652545,0.949683866,84.977,81.178,23.3266,22.5204,12.902,32.74336283
4,Ireland,Very High,0.938410059,81.643,19.61374,12.52629,53754.18626,8,1.158989765,0.600099417,0.448591237,0.767352344,0.979486873,0.926267373,0.945665939,83.605,79.683,19.7153,19.5196,9.662,24.31192661
5,Germany,Very High,0.93604342,81.178,16.95598,14.08202,46135.84754,13,0.810623497,0.586663319,0.236106377,0.578475784,0.966748216,0.919064864,0.950676555,83.498,78.854,16.8776,17.0334,6.535,31.49100257
6,Iceland,Very High,0.934879252,82.912,19.34788,12.36378,45810.19585,13,0.707147897,0.359361415,0.681429357,0.571537922,0.965665316,0.919615409,0.952312768,84.353,81.468,20.4952,18.2357,6.805,38.0952381
7,"Hong Kong, China (SAR)",Very High,0.932582914,84.097,16.32567,12.03813,58419.70992,2,0.575803771,0.866150273,0.489203226,0.660758787,0.965435699,0.91591449,0.948705844,87.084,81.169,16.3225,16.3561,2.705,
7,Sweden,Very High,0.932804549,82.625,17.63459695,12.42605,47765.65603,9,0.955553354,0.090360519,0.42676587,0.497320332,0.991893221,0.926715018,0.934289093,84.318,80.919,18.354,16.9152,5.239,43.5530086
9,Singapore,Very High,0.932041606,83.218,16.2,11.47467,82503.12701,-6,1.32636523,1.047707963,0.356912379,0.971091242,0.982014655,0.922436998,0.939331193,85.193,81.145,16.4,16,3.678,23
10,Netherlands,Very High,0.930638593,82.005,18.04483,12.19001,47899.76157,5,0.545071982,0.388992901,0.317444594,0.428206559,0.966478777,0.91279557,0.944454851,83.724,80.253,18.3201,17.7783,3.993,35.55555556
11,Denmark,Very High,0.929474111,80.878,19.06606,12.58779,47918.49167,3,0.770532395,0.532829775,0.301928998,0.560835751,0.979697499,0.919031502,0.938076807,82.768,78.963,19.7795,18.375,4.123,37.4301676
12,Canada,Very High,0.925952399,82.541,16.43739864,13.28189,43433.16672,10,0.21050443,0.387185484,0.38144982,0.320225679,0.985568208,0.916120367,0.929535226,84.382,80.65,16.8726,16.0238,9.402,30.11494253
13,United States,Very High,0.923913589,79.541,16.46821,13.37999,54941.10929,-2,0.28259036,0.324572691,0.15859167,0.265969795,0.992061214,0.919102355,0.926457302,81.817,77.251,17.2351,15.7203,18.789,19.66292135
14,United Kingdom,Very High,0.921548922,81.717,17.4429,12.88865,39116.31163,13,1.125683186,0.433727461,0.253794093,0.64265433,0.960306854,0.903468358,0.940812152,83.438,79.942,17.9076,16.9822,12.498,28.52233677
15,Finland,Very High,0.919652775,81.496,17.6396565,12.43961,41002.27094,10,0.898767863,0.523208478,0.254014283,0.592184308,1.000334249,0.917415725,0.917109183,84.288,78.712,18.3758,16.9373,6.769,42
16,New Zealand,Very High,0.916687629,82.038,18.86506,12.503,33969.73999,18,0.607897506,0.346061137,0.275361457,0.424605985,0.96571061,0.899614878,0.931557414,83.678,80.369,19.7312,17.9815,20.022,38.33333333
17,Belgium,Very High,0.916066037,81.303,19.7624,11.78389,42156.37247,6,0.797026363,0.334545139,0.209018242,0.472971938,0.970856391,0.901293263,0.928348695,83.616,78.922,20.7632,18.7788,4.878,41.42857143
17,Liechtenstein,Very High,0.916082868,80.41,14.72093,12.54846,97335.74963,-15,,0.475955481,0.186761763,,,,,,,13.4115,16.0522,,12
19,Japan,Very High,0.909152957,83.908,15.23277,12.75,38986.15453,9,0.475148055,0.338882452,0.388572984,0.402216477,0.975119353,0.894437396,0.917259403,87.092,80.659,15.1677,15.2946,4.078,13.71994342
20,Austria,Very High,0.907755179,81.77,16.0812,12.1487132,45415.10118,0,0.531817562,0.655474058,0.204129894,0.492500988,0.970846795,0.893305008,0.920129739,84.11,79.361,16.3834,15.7938,6.894,33.60655738
21,Luxembourg,Very High,0.903938861,81.955,14.01601,12.08015,65016.32689,-13,0.891938295,0.391220069,0.235238487,0.535843265,0.969375323,0.887506893,0.915545168,84.103,79.784,14.1431,13.8973,5.197,28.33333333
22,Israel,Very High,0.903244841,82.664,15.91014,12.95922,32711.3766,13,0.745815648,0.388026699,0.263524112,0.488056862,0.974540218,0.889563473,0.912803244,84.258,80.934,16.514,15.3353,9.216,27.5
22,Korea (Republic of),Very High,0.902561126,82.361,16.49749,12.11633,35944.70949,8,1.166646475,0.787115642,0.296981473,0.800037638,0.932012704,0.865973996,0.929143983,85.304,79.21,15.869,17.0515,1.643,17
24,France,Very High,0.90080244,82.716,16.41595,11.51082,39253.94701,2,0.858510728,0.378898397,0.309111539,0.538136561,0.987201296,0.894427602,0.906023529,85.61,79.801,16.8108,16.0365,8.643,35.35135135
25,Slovenia,Very High,0.896223829,81.116,17.21387,12.22188,30593.9569,12,0.727817968,0.675456153,0.229672385,0.579060352,1.002567467,0.897611527,0.895312841,83.894,78.302,17.963,16.5102,4.176,28.68217054
26,Spain,Very High,0.891020216,83.301,17.87704,9.81948,34258.29329,7,0.901135698,0.473500151,0.426188389,0.61938449,0.978867159,0.879105377,0.898084453,85.982,80.535,18.2316,17.5332,8.598,38.63636364
27,Czechia,Very High,0.887561429,78.877,16.85478,12.74035,30588.30081,11,0.864042786,0.796919204,0.421729057,0.724344651,0.985537872,0.880715431,0.893639357,81.741,75.972,17.6353,16.1122,9.995,21.07142857
28,Italy,Very High,0.879769445,83.169,16.27219,10.1604,35299.24086,3,0.764975937,0.481559741,0.152414469,0.500908778,0.966900865,0.863085886,0.892631207,85.293,80.932,16.615,15.9445,6.1,30.10526316
29,Malta,Very High,0.878186795,81.012,15.89665,11.28811,34395.64694,3,0.558129207,0.741074447,0.594049128,0.635165545,0.960499482,0.858087816,0.893376657,82.596,79.383,16.4388,15.4027,16.624,11.94029851
30,Estonia,Very High,0.871042039,77.709,16.08842,12.66743,28993.24772,10,0.632494168,0.794281727,0.441654001,0.642843848,1.018956234,0.876272901,0.859971088,81.992,73.02,16.8948,15.3188,12.625,26.73267327
31,Greece,Very High,0.869934067,81.41,17.25405,10.75089,24648.09694,20,0.559967621,0.722648012,0.235550361,0.535929665,0.963745461,0.852925884,0.88501157,83.931,78.903,17.0198,17.4787,7.223,18.33333333
32,Cyprus,Very High,0.868784385,80.67,14.57015,12.10394,31567.6881,4,0.911113485,0.585573387,0.314036421,0.635467808,0.983604509,0.860922309,0.875272837,82.795,78.539,14.9571,14.197,4.582,17.85714286
33,Poland,Very High,0.865075041,77.77,16.4332,12.29398,26150.40263,12,0.979421101,0.620914629,0.503959985,0.723171535,1.006231068,0.866314535,0.860949898,81.609,73.856,17.2645,15.6379,12.706,25.53571429
34,United Arab Emirates,Very High,0.86275666,77.412,13.64343,10.78,67804.55851,-27,0.942295739,0.465552034,0.451480684,0.638205954,0.968173096,0.831942062,0.859290622,78.924,76.717,14.3053,13.4054,28.379,22.5
35,Andorra,Very High,0.857683594,81.663,13.52401627,10.15545,47573.87008,-18,,0.877716931,0.505745387,,,,,,,,,,32.14285714
35,Lithuania,Very High,0.858135145,74.768,16.10477,12.96103,28313.59678,7,0.327450065,0.866576495,0.581606081,0.592751075,1.025763989,0.868245197,0.846437588,79.954,69.399,16.5663,15.6606,10.683,21.27659574
37,Qatar,Very High,0.855616448,78.331,13.36037,9.80616,116817.9779,-36,0.716416696,0.186917048,0.51999403,0.469118379,1.031190469,0.869749524,0.843442167,80.034,77.568,14.7633,11.9575,9.922,9.756097561
38,Slovakia,Very High,0.855200237,76.977,14.96488,12.45251025,29467.32283,1,0.328928575,0.827422595,0.443381204,0.542982846,0.990568555,0.84951182,0.857600229,80.401,73.442,15.5159,14.4342,22.027,20
39,Brunei Darussalam,Very High,0.853266972,77.374,14.46502,9.06,76427.21032,-35,0.46474948,0.277530268,0.185345196,0.322905505,0.990493407,0.84623052,0.854352501,79.074,75.782,14.8383,14.1152,10.272,9.090909091
39,Saudi Arabia,Very High,0.853298638,74.72,16.92895,9.50218,49680.22069,-26,0.640209036,0.840730842,0.781342419,0.751027955,0.877092238,0.78215548,0.891759664,76.489,73.424,16.0199,17.8231,7.765,19.86754967
41,Latvia,Very High,0.847143039,74.719,15.75835,12.84377,25002.46509,8,0.328131166,1.153714602,0.53260016,0.686245748,1.029722811,0.858364456,0.833587881,79.383,69.736,16.4618,15.0797,13.463,16
41,Portugal,Very High,0.847113341,81.428,16.29655,9.19096,27315.3583,2,0.984571215,0.462033776,0.436865932,0.648711999,0.983298717,0.839217284,0.853471351,84.227,78.443,16.193,16.4028,9.398,34.7826087
43,Bahrain,Very High,0.846108339,77.038,15.98681,9.41183,41579.92716,-19,0.601923192,0.056184771,0.87274732,0.469454237,0.931148055,0.805141645,0.86467629,78.145,76.189,16.6038,15.5964,13.368,15
44,Chile,Very High,0.842858781,79.732,16.40065,10.34355,21909.50098,13,0.800378087,0.623587766,0.60512949,0.684240564,0.961485776,0.823272243,0.856250048,82.093,77.179,16.6515,16.1591,45.636,15.82278481
45,Hungary,Very High,0.837844634,76.063,15.08309,11.88941,25392.97167,3,0.889294127,0.683727544,0.258627885,0.649347227,0.985146106,0.830312164,0.842831493,79.441,72.483,15.3947,14.7808,19.678,10.05025126
46,Croatia,Very High,0.831102279,77.807,14.96245,11.26731,22162.33726,10,1.135870502,0.752832333,0.401848856,0.80328738,0.991139928,0.82782745,0.835227627,81.028,74.51,15.6877,14.2691,8.925,18.54304636
47,Argentina,Very High,0.82484965,76.738,17.42404,9.94943,18460.73665,19,0.911146775,0.53700795,0.198605567,0.587451399,0.996694808,0.816176203,0.818882768,80.441,72.964,18.6544,16.2272,62.79,38.90577508
48,Oman,Very High,0.820989395,77.258,13.9448688,9.54601,36290.24957,-19,,1.194606211,0.497702042,,0.942073578,0.78052187,0.828514766,79.706,75.553,14.7329,13.4467,7.135,8.823529412
49,Russian Federation,Very High,0.816275487,71.222,15.53573,12.01999,24232.5558,3,-0.184774974,0.799644367,0.655634118,0.396697432,1.019479234,0.82324822,0.807518381,76.751,65.645,15.8606,15.2286,21.553,16.12903226
50,Montenegro,Very High,0.813692302,77.271,14.90172,11.28716,16778.70192,19,,,0.363207536,,0.956064015,0.794489663,0.831000488,79.623,74.889,15.1532,14.6657,11.797,23.45679012
51,Bulgaria,Very High,0.813006249,74.874,14.81046,11.81483,18740.11184,13,0.256269553,0.899019366,0.614037224,0.586697991,0.990106751,0.808053166,0.816127316,78.369,71.485,15.0366,14.5988,39.5,23.75
52,Romania,Very High,0.81119175,75.574,14.26534,10.97836,22645.53847,2,0.111077524,1.181830553,0.247727153,0.541874683,0.984536189,0.804268227,0.816900624,79.042,72.125,14.6182,13.9316,33.063,18.70967742
53,Belarus,Very High,0.807529596,73.07,15.45131,12.2638,16323.46154,18,,1.488307551,0.286305922,,1.019545704,0.814352108,0.798740169,78.467,67.537,15.8512,15.0702,17.16,33.13253012
54,Bahamas,Very High,0.807126296,75.823,12.82263,11.0799,26680.62448,-10,,0.167750769,0.322109449,,,,,78.752,72.742,,,26.748,21.81818182
55,Uruguay,Very High,0.803948433,77.645,15.90979,8.71883,19930.40834,5,0.696454046,0.404898734,0.568223244,0.555147,1.013699828,0.807024346,0.796117671,81.004,74.034,16.8938,14.9524,54.726,22.30769231
56,Kuwait,Very High,0.803066024,74.811,13.58732,7.27567,70523.94058,-51,0.99190568,0.071610021,0.19629124,0.443897939,0.990047585,0.791238001,0.79919189,76.139,73.899,14.302,12.9087,8.991,3.076923077
57,Malaysia,Very High,0.801807695,75.452,13.67563,10.16824,26107.27002,-11,1.202866461,0.633782255,0.539056214,0.819561566,0.975513846,0.790653507,0.810499523,77.853,73.309,14.0857,13.2902,13.414,13.10344828
58,Barbados,Very High,0.800268631,76.057,15.29256,10.5569,15842.94268,14,0.492550496,0.387634179,0.337476175,0.41346793,1.015440031,0.804514516,0.792281663,78.4,73.603,16.701,13.8926,37.259,19.60784314
58,Kazakhstan,Very High,0.800434604,70.027,15.14898,11.784,22626.3906,-3,-0.071030674,1.120074045,0.64061466,0.553299808,1.00737905,0.800917485,0.795050765,74.807,65.252,15.5058,14.8064,27.498,22.07792208
60,Iran (Islamic Republic of),High,0.798057343,76.153,14.88064,9.840175077,19130.24003,3,1.51853482,1.197565661,0.79230578,1.210977573,0.871068817,0.726188221,0.833674914,77.334,75.061,14.6445,15.1086,24.991,5.882352941
60,Palau,High,0.798478438,73.445,15.6037963,12.32728,12830.5903,28,,0.33895073,0.543134918,,,,,,,17.8211,16.4624,,13.79310345
62,Seychelles,High,0.796528658,73.746,14.78051,9.5,26076.89647,-15,,0.390714497,0.923866501,,,,,78.58,69.503,15.3009,14.2872,56.922,21.21212121
63,Costa Rica,High,0.793864632,80.03,15.37714,8.76355,14636.38192,15,0.812398193,0.587961212,0.735434445,0.709272316,0.974345115,0.779460202,0.799983692,82.439,77.682,15.8303,14.9402,53.459,35.0877193
64,Turkey,High,0.790633981,76.009,15.2376,7.96206,24803.98873,-14,1.256211563,1.144180593,1.058322537,1.163383456,0.921890589,0.754790974,0.818742465,79.22,72.76,14.7365,15.7491,25.848,14.571949
65,Mauritius,High,0.790120175,74.861,15.05727,9.32,20189.31686,-6,0.841188014,1.064415417,0.775821072,0.906842339,0.967867278,0.773295051,0.79896807,78.43,71.424,15.5327,14.5923,26.567,11.5942029
66,Panama,High,0.7893203,78.195,12.69992,10.17,19178.20841,-4,0.867366507,0.527224131,0.583896458,0.66777699,0.988491805,0.781966227,0.791070015,81.251,75.29,13.2734,12.143,81.828,18.30985915
67,Serbia,High,0.786693035,75.333,14.64188,11.1272,13018.70813,18,-0.106393124,0.657739774,0.517564398,0.337790374,0.97625006,0.776801039,0.795698839,78.176,72.514,15.0928,14.216,18.885,34.4
68,Albania,High,0.784910973,78.495,14.77288,10.02511,11885.50814,23,0.371865258,1.023892494,0.8304894,0.731851572,0.970464026,0.772122161,0.79562162,80.595,76.543,15.0308,14.4429,20.667,27.85714286
69,Trinidad and Tobago,High,0.78391526,70.783,12.9,10.898,28622.30412,-28,0.636350215,0.802058714,0.15858637,0.573533219,1.012728732,0.793626297,0.783651408,74.447,67.356,14.4444,12.4957,30.09,30.1369863
70,Antigua and Barbuda,High,0.77953591,76.519,13.24948772,9.23618,20763.64427,-12,,,0.249440407,,,,,78.883,73.996,13.8765,12.5674,43.513,20
70,Georgia,High,0.779822329,73.436,15.03581,12.81457,9186.409714,35,,0.881442803,0.850509457,,0.975028353,0.76645711,0.786086996,77.639,69.172,15.3194,14.7772,45.903,16
72,Saint Kitts and Nevis,High,0.777844585,74.372,14.38947,8.4,23977.62596,-19,,,0.617155851,,,,,,,14.605,14.2865,,13.33333333
73,Cuba,High,0.777267606,79.921,13.99565,11.75078,7524.4,43,0.154546655,1.276442478,-0.033592593,0.519594571,0.942163498,0.751154719,0.797265783,81.934,77.953,14.3178,13.6976,43.647,48.85620915
74,Mexico,High,0.774034621,77.305,14.10417,8.60085,16944.09546,-6,0.778187553,0.572495062,0.577775117,0.649998382,0.953800668,0.752408755,0.788853249,79.71,74.917,14.4002,13.8155,60.264,41.40127389
75,Grenada,High,0.771948499,73.78,16.86987,8.67566,12863.74575,12,,,0.549789304,,,,,76.28,71.35,17.4107,16.3466,29.177,25
76,Sri Lanka,High,0.770010247,75.485,13.85228,10.915,11325.62717,19,0.929743879,0.84250032,0.469957967,0.778055479,0.935289736,0.738078677,0.789144421,78.803,72.112,14.1326,13.5691,14.088,5.777777778
77,Bosnia and Herzegovina,High,0.768450831,77.087,14.218443,9.69292,11716.0207,16,,0.597420503,1.068650339,,0.923817063,0.739447947,0.800426812,79.564,74.551,14.8911,14.4608,10.019,19.29824561
78,Venezuela (Bolivarian Republic of),High,0.76077299,74.726,14.3,10.32343,10671.54155,20,0.580197627,1.218940607,0.041442357,0.67601397,1.01096908,0.762077636,0.753809044,78.924,70.755,15.446,13.1888,85.337,22.15568862
79,Brazil,High,0.75924537,75.723,15.39793,7.76,13755.33693,2,1.14411449,0.601829896,0.629547067,0.809535726,0.992243091,0.754967282,0.760869275,79.336,72.112,15.8554,14.9406,61.597,11.27946128
80,Azerbaijan,High,0.756965427,72.123,12.65043,10.73051,15599.61753,-7,,1.46974449,0.320084749,,0.949377968,0.733754201,0.772878901,75.165,69.077,12.6439,12.6544,53.524,16.8
80,Lebanon,High,0.756695982,79.758,12.49981,8.7,13377.72984,3,,,-0.030793708,,0.889377937,0.700876901,0.788052944,81.591,78.167,12.3506,12.6675,11.821,3.125
80,The former Yugoslav Republic of Macedonia,High,0.756687188,75.851,13.32826,9.63196,12504.94561,9,,0.943093847,0.424831081,,0.945924087,0.731229434,0.773031837,77.906,73.85,13.4922,13.1722,16.202,37.5
83,Armenia,High,0.755112683,74.782,12.96123,11.66751,9143.677637,24,0.256150571,1.174534911,0.532324949,0.667086669,0.969369418,0.740196062,0.763585118,77.797,71.427,13.3652,12.5783,23.165,18.0952381
83,Thailand,High,0.754683546,75.498,14.6502963,7.61131,15515.83035,-7,1.244745387,1.100073338,0.587926918,1.020532431,0.996129561,0.753257384,0.756184148,79.298,71.798,14.7856,14.515,51.851,4.8
85,Algeria,High,0.753767535,76.293,14.35778,7.96657,13802.01307,-5,1.101529547,1.239568231,0.488139469,0.993166798,0.860606287,0.680462573,0.790678134,77.561,75.077,14.5745,14.1468,10.138,21.32231405
86,China,High,0.751703947,76.41,13.7792,7.848,15269.76124,-9,1.692622761,1.749947051,0.898065028,1.507211804,0.955031316,0.734648174,0.769239879,77.999,74.946,13.981,13.5988,6.408,24.24760602
86,Ecuador,High,0.751899753,76.551,14.65794,8.70158,10346.61944,15,0.40690312,0.659626266,0.720945904,0.581830325,0.97821038,0.740573238,0.757069495,79.322,73.869,15.4,13.8681,73.917,37.95620438
88,Ukraine,High,0.750709738,72.109,14.98815,11.34,8130.399165,24,-0.495719444,0.881273432,0.344907923,0.230443191,0.993059262,0.74578227,0.750994728,76.919,67.113,15.1944,14.7914,23.84,12.29314421
89,Peru,High,0.749772855,75.22,13.79727689,9.16043,11789.34824,3,1.042220439,0.562258494,0.642231055,0.760519878,0.949867805,0.72799436,0.766416502,77.893,72.603,13.9304,13.6094,47.467,27.69230769
90,Colombia,High,0.747045383,74.562,14.41909,8.2687,12937.87977,-4,0.98385849,0.962391131,0.551378757,0.86361326,0.996947173,0.746695389,0.748981901,78.169,71.038,14.8545,14.2927,47.457,19.7761194
90,Saint Lucia,High,0.747049152,75.696,13.62859585,8.93631,11694.77892,4,,0.574215717,0.319400071,,0.99276665,0.743863376,0.749283204,78.428,73.041,13.8773,13.32,40.536,20.68965517
92,Fiji,High,0.740787955,70.417,15.3,10.79,8324.309996,18,0.611879793,0.398034091,0.5864527,0.526036991,,,,73.647,67.535,,,43.942,16
92,Mongolia,High,0.740816315,69.465,15.45647,10.10858,10103.05023,11,0.16906978,1.69875981,0.873883584,0.916201436,1.022981176,0.74982008,0.732975442,73.729,65.44,15.9496,14.9726,23.632,17.10526316
94,Dominican Republic,High,0.735797919,74.048,13.74086,7.82541,13920.99426,-15,0.939975707,0.677858792,0.663966062,0.7712542,0.989421589,0.727740603,0.735521249,77.3,70.999,14.4982,12.9791,94.971,24.32432432
95,Jordan,High,0.73537314,74.476,13.135925,10.386,8288.462845,16,1.305859772,0.364856391,0.140551651,0.65394987,0.857093382,0.657621771,0.767269687,76.255,72.789,13.4364,12.8507,22.439,15.38461538
95,Tunisia,High,0.734720097,75.943,15.10152,7.17226,10275.31974,7,1.39462433,0.914990615,0.376272689,0.952177022,0.89748392,0.68381171,0.761920848,77.992,73.919,15.7774,14.4486,7.653,31.33640553
97,Jamaica,High,0.732240923,76.097,13.14003447,9.76,7845.587252,17,0.369537246,0.738695801,0.396083255,0.512995628,0.988071741,0.730633174,0.739453567,78.517,73.738,14.4301,12.8437,52.757,19.04761905
98,Tonga,High,0.725644707,73.179,14.3,11.18,5547.173004,37,0.37776402,0.562439899,0.279220304,0.420547846,0.960126543,0.706975224,0.736335465,76.233,70.156,14.6166,14.043,14.662,7.692307692
99,Saint Vincent and the Grenadines,High,0.722707899,73.294,13.25641,8.6,10498.69288,0,,0.601582158,0.151756207,,,,,75.551,71.158,13.4,13.1,49.02,13.04347826
100,Suriname,High,0.719612422,71.523,12.7,8.507,13305.81816,-16,,,0.332844867,,0.974925446,0.705187402,0.72332444,74.856,68.357,12.9812,11.9976,46.034,25.49019608
101,Botswana,High,0.716552129,67.618,12.61731,9.25333,15533.64924,-26,-0.28249103,1.570814621,1.180341214,0.779733433,0.975663973,0.707451028,0.725097008,70.191,64.939,12.771,12.4656,29.982,9.523809524
101,Maldives,High,0.716864351,77.649,12.58675195,6.31118,13567.34387,-19,,1.025336319,0.956851279,,0.918528027,0.678561883,0.738749241,78.799,76.711,12.7331,12.5755,5.792,5.882352941
103,Dominica,High,0.715056593,78.032,12.7,7.8,8343.930644,6,,0.408942895,-0.132671623,,,,,,,,,,25
104,Samoa,High,0.712812177,75.24,12.52,10.3159,5909.373722,24,0.424289751,0.685768386,0.412717953,0.518051305,,,,78.48,72.258,12.94,12.08,23.886,10
105,Uzbekistan,High,0.709846647,71.42,12.01214,11.52496,6470.082622,19,,1.13587117,0.908096457,,0.945398333,0.686820844,0.726488318,74.23,68.648,11.8186,12.1973,16.524,16.4
106,Belize,High,0.707553154,70.588,12.8154,10.48,7165.80992,14,0.510181903,0.311691914,0.177683998,0.350375524,0.978604348,0.699027937,0.714311089,73.612,67.913,12.9785,12.6509,63.466,11.11111111
106,Marshall Islands,High,0.707947416,73.62,13,10.86577,5124.896151,33,,,,,,,,,,,,,9.090909091
108,Libya,High,0.705599425,72.11,13.4025,7.31,11100.09739,-12,0.718083852,0.384815962,-0.970437762,0.154553128,0.928772034,0.668139214,0.719379125,75.123,69.327,13.6269,13.1876,5.661,15.95744681
108,Turkmenistan,High,0.706257108,67.956,10.79994,9.78,15594.47253,-34,,,0.682726046,,,,,71.449,64.504,10.5311,11.0631,24.418,25.80645161
110,Gabon,High,0.702216426,66.48,12.8135,8.17273,16430.68992,-40,0.200443593,0.507105344,0.774004016,0.462467446,0.911144669,0.669753061,0.735067749,68.173,64.888,12.456,13.4,95.301,17.35159817
110,Paraguay,High,0.701662434,73.211,12.68790331,8.35145,8380.129335,-2,0.726248179,0.789004463,0.565535579,0.707786196,0.971643838,0.689753566,0.709883126,75.482,71.091,13.1835,12.2361,55.694,16
112,Moldova (Republic of),High,0.699753399,71.718,11.63386,11.59536,5553.85036,22,-0.861097405,1.15418056,0.62412417,0.266381442,1.004911021,0.700942548,0.697517027,75.996,67.441,11.9231,11.3553,21.956,22.77227723
113,Philippines,Medium,0.698932373,69.238,12.59039,9.32687,9153.54352,-7,0.640500461,0.636302958,0.710550041,0.657101852,1.000265427,0.698653633,0.698468241,72.816,65.941,12.8765,12.3198,60.499,29.11392405
113,South Africa,Medium,0.699030055,63.404,13.33729,10.13415,11923.2677,-23,0.187917442,0.303931895,1.058541293,0.455961032,0.983580243,0.692467161,0.704027115,66.98,59.865,13.7394,13.0753,42.78,41.03139013
115,Egypt,Medium,0.695607556,71.661,13.08981,7.218,10354.80181,-15,1.117401424,0.86075803,0.637566664,0.897768654,0.87196601,0.635803732,0.729161142,73.969,69.453,13.0571,13.1214,50.042,14.93288591
116,Indonesia,Medium,0.693979664,69.355,12.81311,7.97615,10846.33795,-19,1.386115585,0.876850606,0.692198145,1.017173534,0.932200064,0.666148571,0.714598289,71.554,67.29,12.8443,12.7874,47.374,19.82142857
116,Viet Nam,Medium,0.693998062,76.454,12.692323,8.2,5858.898113,14,1.987557615,1.233484223,0.852476833,1.412928424,1.005292208,0.695662862,0.692000651,81.04,71.767,12.8867,12.508,27.283,26.72064777
118,Bolivia (Plurinational State of),Medium,0.692536971,69.473,14.02422747,8.91507,6714.027191,5,1.269158227,0.658951049,0.937177698,0.956744399,0.928609074,0.664520286,0.715608219,72.058,67.001,14.0019,14.0465,68.145,51.80722892
119,"Palestine, State of",Medium,0.685835515,73.646,12.82014,9.10464,5055.086173,21,,,0.298809257,,0.876770084,0.622593672,0.710099128,75.637,71.756,13.6596,12.0134,56.247,
120,Iraq,Medium,0.685317078,70.038,11.048673,6.81945,17789.24844,-53,0.599324172,0.674567553,0.772212474,0.671992329,0.82262606,0.602895754,0.73289163,72.319,67.787,10.0903,11.9503,80.136,25.30487805
121,El Salvador,Medium,0.674158727,73.75,12.60515,6.8945,6868.107606,0,1.515223735,0.876939572,0.072960396,0.903325701,0.968653193,0.662574677,0.684016408,78.126,69.051,12.4783,12.7503,69.459,32.14285714
122,Kyrgyzstan,Medium,0.672193033,71.069,13.40113,10.87623,3255.238583,32,-0.388872545,0.691995942,0.785109297,0.314349476,0.960038694,0.653912168,0.681131055,75.13,67.111,13.6522,13.1592,38.116,19.16666667
123,Morocco,Medium,0.66651257,76.059,12.42933984,5.514,7339.621319,-5,1.470400166,1.511543823,1.131618811,1.397682383,0.83810912,0.597879988,0.713367715,77.217,74.86,12.0245,12.8105,31.095,18.44660194
124,Nicaragua,Medium,0.657739789,75.653,12.07148158,6.68,5157.315656,14,1.537770349,0.865351842,0.821833198,1.102562728,0.966001791,0.642160793,0.664761493,78.628,72.603,12.3396,11.8049,85.396,45.65217391
125,Cabo Verde,Medium,0.654030718,73.004,12.6342,6.12469,5983.137566,2,,0.987536774,0.559611451,,0.94901022,0.632347224,0.666322881,74.914,70.86,12.8207,12.1174,73.759,20.83333333
125,Guyana,Medium,0.653637243,66.766,11.36109,8.4165,7446.545958,-8,1.175445782,0.419789983,0.521615188,0.725464781,0.947857878,0.631383742,0.666116468,69.178,64.489,11.7488,10.9858,85.812,31.88405797
127,Guatemala,Medium,0.650311623,73.654,10.75103,6.47414,7278.142303,-8,1.353240683,1.133234338,0.885356796,1.150287672,0.947692095,0.629893422,0.664660416,76.83,70.418,10.7256,10.896,70.93,12.65822785
127,Tajikistan,Medium,0.65001453,71.214,11.21908,10.42,3317.42398,25,-1.232631749,1.430887511,0.355744872,0.159028089,0.933201905,0.624350924,0.669041631,74.361,68.428,10.5195,11.894,36.416,20
129,Namibia,Medium,0.64652527,64.85,12.34296,6.84,9387.195907,-25,-0.365005652,0.632863712,1.20804248,0.410380072,1.013524427,0.65053885,0.641858087,67.724,61.821,12.4321,12.2458,73.81,36.30136986
130,India,Medium,0.639832911,68.803,12.34981,6.398,6353.045173,-5,1.44606167,1.639122581,1.398618536,1.505212047,0.841022661,0.574789622,0.683441301,70.427,67.32,12.8747,11.8797,23.074,11.57760814
131,Micronesia (Federated States of),Medium,0.627254688,69.316,11.7,7.95474,3842.907105,13,,0.981011055,0.44134247,,,,,70.509,68.118,,,13.924,0
132,Timor-Leste,Medium,0.624944098,69.199,12.75465002,4.5243,6846.390045,-10,,2.015474473,0.129395578,,0.854842457,0.567058697,0.663348775,71.098,67.417,12.3361,13.1595,43.978,32.30769231
133,Honduras,Medium,0.616716749,73.774,10.22359,6.53113,4215.293803,8,0.917622957,0.720626424,0.496631514,0.735380499,0.977606171,0.608014749,0.621942422,76.341,71.223,10.6609,9.7968,70.789,25.78125
134,Bhutan,Medium,0.612417609,70.565,12.26823,3.1337,8064.827651,-21,,,1.137932283,,0.892582547,0.575850599,0.645151085,70.876,70.258,12.3762,12.1614,20.339,8.333333333
134,Kiribati,Medium,0.611784026,66.506,12.89534671,7.86553,3041.866614,22,,0.671204348,0.526407046,,,,,69.829,63.198,13.4399,12.609,16.177,6.52173913
136,Bangladesh,Medium,0.608155837,72.808,11.3645672,5.78332,3676.923378,9,1.930145211,1.535131647,1.567403946,1.689632108,0.88117434,0.567041386,0.643506466,74.623,71.191,11.7192,11.3061,83.508,20.28571429
137,Congo,Medium,0.606282582,65.088,11.37073479,6.31,5694.221011,-5,-0.908984085,1.302536624,1.214206828,0.455036659,0.934224672,0.582873533,0.623911517,66.748,63.466,11.1975,11.5435,111.819,13.96396396
138,Vanuatu,Medium,0.602573915,72.334,10.89,6.8,2995.279721,19,,,0.28075252,,,,,74.658,70.22,10.4238,11.1436,41.914,0
139,Lao People's Democratic Republic,Medium,0.601275725,67.021,11.20924,5.19385,6070.11563,-13,1.534605765,1.590576701,1.388462597,1.517415222,0.933526751,0.579334302,0.620586717,68.571,65.446,10.8906,11.5204,62.629,27.51677852
140,Ghana,Medium,0.591738194,63.033,11.61575,7.062,4096.173789,3,0.622983126,1.358172328,0.936526847,0.976066267,0.909606705,0.563192878,0.61916087,64.058,61.976,11.4501,11.7748,66.611,12.72727273
141,Equatorial Guinea,Medium,0.590561035,57.939,9.3,5.53909,19512.53253,-80,,1.190600904,0.228967282,,,,,59.39,56.684,,,155.622,19.65317919
142,Kenya,Medium,0.589920177,67.291,12.077442,6.476,2960.799699,16,-0.375069678,1.878495423,1.182517788,0.858553961,0.931158339,0.567715293,0.609687171,69.669,64.924,11.7062,12.4772,80.489,23.26139089
143,Sao Tome and Principe,Medium,0.589476283,66.762,12.46685,6.33347,2941.312798,16,0.800515035,1.010501357,1.209849436,0.984283,0.891632026,0.550462416,0.617365011,68.905,64.578,12.5736,12.3617,94.838,18.18181818
144,Eswatini (Kingdom of),Medium,0.588316354,58.268,11.19615,6.52137,7619.943492,-29,-1.279862137,1.339963407,1.278775687,0.345934102,0.942549602,0.568351144,0.602993353,61.34,54.932,10.7829,11.6079,76.98,14.73684211
144,Zambia,Medium,0.588083472,62.255,12.5123,6.97,3557.379352,3,0.756204786,2.340240339,1.109338291,1.431969797,0.940527571,0.569294689,0.60529293,64.955,59.578,11.9978,13.0268,82.818,17.96407186
146,Cambodia,Medium,0.581975041,69.331,11.72106311,4.844,3412.937431,3,1.440126356,2.493570179,1.154647239,1.754647892,0.914425969,0.553180265,0.604948114,71.324,67.127,11.2416,12.1872,50.177,18.47826087
147,Angola,Medium,0.581178565,61.809,11.77,5.12546,5789.861511,-16,,3.002812239,1.590109268,,,,,64.682,58.972,11.0225,12.6868,151.589,30.45454545
148,Myanmar,Medium,0.578263213,66.744,10.04659,4.91335,5567.223953,-15,1.86355224,2.0856325,1.251519154,1.786589894,0.959427876,0.56260133,0.58639252,69.086,64.358,10.2914,9.8016,28.678,10.24464832
149,Nepal,Medium,0.574038025,70.604,12.19644,4.88185,2470.988021,12,1.658568787,1.717787806,1.1871486,1.558040797,0.924523935,0.552495881,0.597600408,72.247,68.983,12.6303,11.7781,60.482,29.57983193
150,Pakistan,Medium,0.561602586,66.629,8.58696,5.18874,5311.219289,-14,1.083324847,1.567709077,0.946856095,1.226995253,0.750343164,0.465369348,0.620208687,67.696,65.634,7.802,9.3152,36.908,20.04504505
151,Cameroon,Medium,0.555938482,58.575,12.19407,6.26246,3314.744584,2,-0.205659538,1.613798977,1.346995115,0.867312514,0.865838229,0.513350511,0.592894254,59.706,57.45,11.3487,13.0281,105.8,27.14285714
152,Solomon Islands,Low,0.545960041,71.006,10.22041433,5.54073,1872.453835,15,,1.193862081,1.071804177,,,,,72.627,69.539,9.7131,10.7022,46.369,2
153,Papua New Guinea,Low,0.544304002,65.705,10,4.58,3402.574224,-3,1.699921793,1.475667541,0.644368958,1.342311241,,,,68.255,63.282,,,52.655,0
154,Tanzania (United Republic of),Low,0.537714741,66.31,8.92369,5.78,2655.39382,6,0.653159189,2.236098037,1.245703157,1.390731919,0.927943165,0.517135545,0.557292262,68.051,64.551,8.5578,9.3,115.066,37.17948718
155,Syrian Arab Republic,Low,0.535703701,70.963,8.7528,5.0625,2337.170091,8,,0.879668219,-2.596825695,,0.788062154,0.443318208,0.562542187,77.418,65.407,8.6987,8.8047,38.592,13.2
156,Zimbabwe,Low,0.534553286,61.712,10.31433,8.14984,1682.839299,17,-1.074848483,0.587402548,1.949756641,0.317804686,0.924398338,0.513417851,0.555407588,63.509,59.762,10.1798,10.4603,104.081,36.1516035
157,Nigeria,Low,0.531809699,53.875,9.970482,6.1755,5231.222288,-20,,,1.359019435,,0.867799304,0.493515728,0.568698,54.69,53.087,9.198,10.8202,107.33,5.769230769
158,Rwanda,Low,0.523946712,67.496,11.22042,4.14596,1811.223531,11,2.982667026,3.771292105,1.106014579,2.782804663,0.941080154,0.508018185,0.539824565,69.629,65.32,11.2144,11.2275,25.729,55.66037736
159,Lesotho,Low,0.51972943,54.568,10.56401,6.25,3254.907249,-4,-0.662710267,0.537808674,0.766366749,0.150432763,1.004030659,0.518576,0.516494188,56.698,52.197,10.9578,10.1684,89.518,22.72727273
159,Mauritania,Low,0.519643721,63.384,8.58813,4.502,3591.761196,-13,1.685620727,0.959881826,0.946250271,1.224524424,0.844902748,0.469604686,0.555809159,64.918,61.861,8.529,8.6049,79.221,25.17006803
161,Madagascar,Low,0.519162527,66.312,10.56879,6.14595,1357.758439,20,,1.005245079,0.433908572,,0.962283121,0.511158517,0.531193477,67.91,64.73,10.4949,10.6446,109.59,19.62616822
162,Uganda,Low,0.516320815,60.182,11.588167,6.09025,1657.976334,13,2.513685927,2.020667683,0.858330461,1.899822386,0.864817238,0.475297144,0.549592588,62.389,57.953,11.0419,12.2471,106.502,34.29844098
163,Benin,Low,0.514619673,61.171,12.56764,3.64903,2061.433065,2,1.356190089,1.742008734,1.216632654,1.462663997,0.87534821,0.479129845,0.547359142,62.683,59.629,11.0672,14.0429,86.096,7.228915663
164,Senegal,Low,0.505133723,67.477,9.677004398,2.9862,2384.177299,-2,0.361262906,1.843075768,1.46864453,1.195041259,0.911255198,0.480868408,0.527698946,69.4,65.394,10.0485,9.3055,72.684,41.81818182
165,Comoros,Low,0.503253555,63.912,11.2447,4.832,1398.797513,15,,,0.628402782,,0.875913376,0.465467684,0.531408352,65.675,62.21,11.1113,11.3736,65.351,6.060606061
165,Togo,Low,0.50322,60.477,12.42428728,4.83068,1453.432247,14,0.495347248,0.709780189,1.408418166,0.81082957,0.821928104,0.445511561,0.542032276,61.313,59.631,9.9781,13.1638,89.091,17.58241758
167,Sudan,Low,0.502465678,64.698,7.42024,3.67,4119.151849,-25,1.961315735,1.580449432,0.947190779,1.556557992,0.831343742,0.446334197,0.53688285,66.318,63.098,7.1742,7.6594,63.993,31.04166667
168,Afghanistan,Low,0.497695114,64.047,10.39716,3.78,1823.52936,0,,,1.048753215,,0.625114199,0.364330332,0.582822039,65.425,62.764,8.0036,12.6552,64.462,27.44479495
168,Haiti,Low,0.497945111,63.589,9.3,5.25,1665.462596,6,0.783806109,0.613565476,0.829487855,0.732554478,,,,65.791,61.407,,,37.45,2.739726027
170,Côte d'Ivoire,Low,0.492304502,54.102,9.03737,5.192,3481.22531,-22,0.163654613,1.157887686,1.546383023,0.888718516,0.840753238,0.446130972,0.530632475,55.662,52.66,8.0715,9.9943,132.711,9.163346614
171,Malawi,Low,0.476552795,63.671,10.79649407,4.53,1064.416511,14,1.622543562,1.013915586,1.105798819,1.262773771,0.935823698,0.460315296,0.491882496,66.21,61.018,10.9445,10.7831,140.235,16.66666667
172,Djibouti,Low,0.476005731,62.643,6.234344887,4.07,3391.747048,-21,,2.153727417,0.823388476,,,,,64.36,60.994,5.7995,6.6673,18.841,10.76923077
173,Ethiopia,Low,0.462664092,65.874,8.539623052,2.68114,1719.378176,-1,,3.815173155,1.668702184,,0.84642499,0.424044483,0.500982944,67.784,63.997,8.2348,9.0847,62.459,37.28571429
174,Gambia,Low,0.460067236,61.424,9.150415,3.538,1515.619983,4,1.470324085,1.358079856,0.608567114,1.20470481,0.890177475,0.433824195,0.487345734,62.831,60.078,9.3372,9.2251,79.199,10.34482759
175,Guinea,Low,0.459111122,60.617,9.10472,2.56848,2066.672358,-11,1.752294017,2.094514476,1.831811604,1.89954373,0.809913869,0.411030741,0.507499323,61.166,60.054,7.7819,10.4032,135.294,21.92982456
176,Congo (Democratic Republic of the),Low,0.457469213,60.031,9.75,6.75948,795.8264152,12,-0.680277262,2.018054274,1.699483396,0.9283577,0.851756693,0.41961594,0.492647658,61.543,58.532,8.7,10.6131,124.22,8.166666667
177,Guinea-Bissau,Low,0.455303553,57.805,10.5,3.00392,1551.809772,0,,,0.948847332,,,,,59.548,56.048,,,84.482,13.7254902
178,Yemen,Low,0.451900426,65.157,8.977,3,1239.29141,5,1.03336217,1.180518146,-1.369126926,0.459070418,0.425410335,0.223120864,0.524483881,66.648,63.701,7.5561,10.3455,60.352,0.518134715
179,Eritrea,Low,0.439978538,65.536,5.37934,3.95245,1750.458994,-9,,,0.791756753,,,,,67.749,63.398,4.9079,5.8371,51.611,22
180,Mozambique,Low,0.436579911,58.872,9.66901,3.49912,1092.688158,4,3.613696293,3.093348058,1.133006504,2.772952833,0.904037117,0.414285621,0.458261738,60.966,56.671,9.1731,10.1656,135.247,39.6
181,Liberia,Low,0.435093908,63.006,10.03589975,4.668,666.7729501,9,,0.503630216,0.972419878,,0.845922997,0.397861471,0.470328236,64.009,61.999,9.2617,10.574,127.46,9.900990099
182,Mali,Low,0.426868861,58.456,7.7428,2.33342,1952.94601,-16,2.916990495,2.723736177,0.81474311,2.29655462,0.810801388,0.380311899,0.469056794,59.189,57.714,6.8451,8.6079,169.127,8.843537415
183,Burkina Faso,Low,0.423423185,60.77,8.52559,1.46953,1650.092096,-7,,2.742471931,1.759910181,,0.870261977,0.39348278,0.452142907,61.431,59.98,8.2766,8.7684,104.329,11.02362205
184,Sierra Leone,Low,0.418987065,52.214,9.848868,3.5,1239.936296,-2,0.321685755,3.095977618,1.204714613,1.570895827,0.871936527,0.389187835,0.446348815,52.82,51.61,9.3291,10.1898,112.828,12.39669421
185,Burundi,Low,0.417216174,57.857,11.68402,2.96889,702.2560922,4,0.230400095,2.682807615,0.770616984,1.272828827,1.001805984,0.418580286,0.4178257,59.879,55.883,11.2958,12.1114,26.782,37.80487805
186,Chad,Low,0.403970247,53.208,7.95605,2.32333,1750.185697,-15,,2.203673172,1.215702805,,0.775424779,0.350237598,0.451671919,54.455,51.981,6.3943,9.4955,161.09,12.76595745
187,South Sudan,Low,0.387725181,57.288,4.87162,4.84913,963.1740924,-1,,,-0.911419209,,0.825634889,0.348448699,0.422037275,58.34,56.253,3.8017,6.3022,62.04,26.55889145
188,Central African Republic,Low,0.366809345,52.89,7.180003207,4.256,663.1516331,3,-0.263236373,1.272549523,0.640820277,0.537766814,0.780160239,0.319292306,0.409265033,54.83,50.974,5.874,8.4787,103.802,8.571428571
189,Niger,Low,0.353931192,60.422,5.368508627,1.95133,905.8680486,-2,1.822702294,2.35094955,1.544524824,1.945699122,0.811721202,0.317181443,0.390751704,61.496,59.435,4.7381,5.984,191.984,16.95906433
Region,Arab States,,0.698954655,71.50650027,11.90613678,7.034884437,15836.65288,,0.954740972,0.964652606,0.507542282,0.842276505,0.85530367,0.629552464,0.736057246,73.40101268,69.79404985,11.5992713,12.19848473,46.28495557,18.03686063
Region,East Asia and the Pacific,,0.733434418,74.66739203,13.29281107,7.862160983,13687.7296,,1.450201776,1.481937404,0.833524867,1.301695575,0.956958652,0.717445552,0.749714264,76.6857524,72.785291,13.4858781,13.18688038,22.39630601,19.76708222
Region,Europe and Central Asia,,0.770720647,73.39237297,14.08741038,10.25568449,15331.15542,,0.229931681,0.939523406,0.713478318,0.617627893,0.955756865,0.750538145,0.785281459,77.04905657,69.74694354,13.93721662,14.24939354,25.50447977,20.69767442
Region,Latin America and the Caribbean,,0.757989461,75.71654415,14.44066752,8.483806981,13670.65988,,0.915920108,0.647411912,0.513828717,0.712092065,0.977435795,0.748187109,0.765459085,78.87895252,72.58295244,15.02545878,14.11708145,61.52081304,28.80608974
Region,South Asia,,0.637834952,69.26117165,11.87420413,6.411053783,6473.294874,,1.37577986,1.506499532,1.256651307,1.393261531,0.836672728,0.570973135,0.682433066,70.86088106,67.796667,12.11806679,11.67701326,32.08124202,17.54663294
Region,Sub-Saharan Africa,,0.537135975,60.7172326,10.05516204,5.554587479,3399.249404,,0.567109944,1.69592513,1.085580931,1.118439532,0.893370741,0.506482793,0.56693461,62.42265688,59.02764386,9.507167356,10.63815223,101.3311834,23.49021241